locale,name_type,value,gender
en_US,first,James,M
en_US,first,John,M
en_US,first,Robert,M
en_US,first,Michael,M
en_US,first,William,M
en_US,first,David,M
en_US,first,Richard,M
en_US,first,Joseph,M
en_US,first,Thomas,M
en_US,first,Charles,M
en_US,first,Mary,F
en_US,first,Patricia,F
en_US,first,Linda,F
en_US,first,Barbara,F
en_US,first,Elizabeth,F
en_US,first,Jennifer,F
en_US,first,Maria,F
en_US,first,Susan,F
en_US,first,Margaret,F
en_US,first,Dorothy,F
en_US,first,Christopher,M
en_US,first,Daniel,M
en_US,first,Matthew,M
en_US,first,Anthony,M
en_US,first,Mark,M
en_US,first,Paul,M
en_US,first,Steven,M
en_US,first,Andrew,M
en_US,first,Joshua,M
en_US,first,Kevin,M
en_US,first,Brian,M
en_US,first,George,M
en_US,first,Edward,M
en_US,first,Ronald,M
en_US,first,Timothy,M
en_US,first,Jason,M
en_US,first,Jeffrey,M
en_US,first,Ryan,M
en_US,first,Jacob,M
en_US,first,Gary,M
en_US,first,Nicholas,M
en_US,first,Eric,M
en_US,first,Jonathan,M
en_US,first,Stephen,M
en_US,first,Larry,M
en_US,first,Jessica,F
en_US,first,Ashley,F
en_US,first,Amanda,F
en_US,first,Sarah,F
en_US,first,Melissa,F
en_US,first,Laura,F
en_US,first,Stephanie,F
en_US,first,Rebecca,F
en_US,first,Nicole,F
en_US,first,Heather,F
en_US,first,Amber,F
en_US,first,Emily,F
en_US,first,Katherine,F
en_US,first,Sharon,F
en_US,middle,Allen,M
en_US,middle,Lee,M
en_US,middle,Scott,M
en_US,middle,Ray,M
en_US,middle,Paul,M
en_US,middle,Wayne,M
en_US,middle,Dean,M
en_US,middle,Roy,M
en_US,middle,Glenn,M
en_US,middle,Keith,M
en_US,middle,Ann,F
en_US,middle,Lynn,F
en_US,middle,Marie,F
en_US,middle,Jean,F
en_US,middle,Grace,F
en_US,middle,Jane,F
en_US,middle,Rose,F
en_US,middle,Joy,F
en_US,middle,Fay,F
en_US,middle,Sue,F
en_US,last,Smith,
en_US,last,Johnson,
en_US,last,Williams,
en_US,last,Jones,
en_US,last,Brown,
en_US,last,Davis,
en_US,last,Miller,
en_US,last,Wilson,
en_US,last,Moore,
en_US,last,Taylor,
en_US,last,Anderson,
en_US,last,Thomas,
en_US,last,Jackson,
en_US,last,White,
en_US,last,Harris,
en_US,last,Martin,
en_US,last,Thompson,
en_US,last,Garcia,
en_US,last,Martinez,
en_US,last,Robinson,
en_US,last,Clark,
en_US,last,Rodriguez,
en_US,last,Lewis,
en_US,last,Lee,
en_US,last,Walker,
en_US,last,Hall,
en_US,last,Allen,
en_US,last,Young,
en_US,last,Hernandez,
en_US,last,King,
en_US,title,Mr.,M
en_US,title,Ms.,F
en_US,title,Dr.,
en_US,title,Mrs.,F
en_US,title,Miss,F
en_US,title,Prof.,
de_DE,first,Hans,M
de_DE,first,Peter,M
de_DE,first,Karl,M
de_DE,first,Fritz,M
de_DE,first,Heinz,M
de_DE,first,Klaus,M
de_DE,first,Thomas,M
de_DE,first,Michael,M
de_DE,first,Werner,M
de_DE,first,Manfred,M
de_DE,first,Anna,F
de_DE,first,Ingrid,F
de_DE,first,Monika,F
de_DE,first,Ursula,F
de_DE,first,Petra,F
de_DE,first,Renate,F
de_DE,first,Gabriele,F
de_DE,first,Claudia,F
de_DE,first,Sabine,F
de_DE,first,Brigitte,F
de_DE,first,Andreas,M
de_DE,first,Stefan,M
de_DE,first,Christian,M
de_DE,first,Frank,M
de_DE,first,Josef,M
de_DE,first,Wolfgang,M
de_DE,first,Jürgen,M
de_DE,first,Dieter,M
de_DE,first,Helmut,M
de_DE,first,Gerhard,M
de_DE,first,Sophie,F
de_DE,first,Maria,F
de_DE,first,Elisabeth,F
de_DE,first,Katharina,F
de_DE,first,Angelika,F
de_DE,first,Christina,F
de_DE,first,Hildegard,F
de_DE,first,Helga,F
de_DE,first,Andrea,F
de_DE,first,Karin,F
de_DE,middle,Karl,M
de_DE,middle,Heinz,M
de_DE,middle,Hans,M
de_DE,middle,Peter,M
de_DE,middle,Fritz,M
de_DE,middle,Inge,F
de_DE,middle,Renate,F
de_DE,middle,Elke,F
de_DE,middle,Monika,F
de_DE,middle,Petra,F
de_DE,middle,Wilhelm,M
de_DE,middle,Josef,M
de_DE,middle,Marie,F
de_DE,middle,Anna,F
de_DE,middle,Gertrud,F
de_DE,last,Müller,
de_DE,last,Schmidt,
de_DE,last,Schneider,
de_DE,last,Fischer,
de_DE,last,Weber,
de_DE,last,Meyer,
de_DE,last,Wagner,
de_DE,last,Becker,
de_DE,last,Hoffmann,
de_DE,last,Schulz,
de_DE,last,Bauer,
de_DE,last,Richter,
de_DE,last,Klein,
de_DE,last,Wolf,
de_DE,last,Schröder,
de_DE,last,Neumann,
de_DE,last,Schwarz,
de_DE,last,Hartmann,
de_DE,last,Lange,
de_DE,last,Schmitt,
de_DE,last,Werner,
de_DE,last,Krause,
de_DE,last,Meier,
de_DE,last,Lehmann,
de_DE,last,Köhler,
de_DE,title,Herr,M
de_DE,title,Frau,F
de_DE,title,Dr.,
de_DE,title,Prof.,